k,n,output,accuracy,f1score
1,1,Acute Toxic,0.9597223599405057,0.6060135790494665
1,1,Compressed Gas,0.9988894397620228,0.45098039215686275
1,1,Corrosive,0.9608527516113039,0.8411395461129889
1,1,Environmental Hazard,0.9427664848785324,0.39395212095758086
1,1,Explosive,0.998988596926128,0.0
1,1,Flammable,0.9747744174516609,0.6365714285714286
1,1,Health Hazard,0.9567873078829946,0.5448088573219135
1,1,Irritant,0.7647397124442241,0.839065022451942
1,1,Oxidizer,0.9986117997025286,0.2391304347826087
1,1,nan,0.833455627169063,0.49434007707129096
2,1,Acute Toxic,0.959225765508488,0.6071837982422621
2,1,Compressed Gas,0.9991273996509599,0.5686274509803921
2,1,Corrosive,0.9615659209900047,0.8411735781019505
2,1,Environmental Hazard,0.944153577661431,0.40034071550255534
2,1,Explosive,0.9991868951293035,0.08888888888888889
2,1,Flammable,0.9740004759638268,0.6355296080066722
2,1,Health Hazard,0.9568261145486276,0.5581489750355185
2,1,Irritant,0.7691178803744249,0.8420267042987408
2,1,Oxidizer,0.9985919403458671,0.23655913978494625
2,1,nan,0.835197524988101,0.49770309477756286
3,1,Acute Toxic,0.958432492463906,0.5983135300881564
3,1,Compressed Gas,0.9991472314770744,0.5473684210526316
3,1,Corrosive,0.9613874345549738,0.8447244596857804
3,1,Environmental Hazard,0.9437767729652546,0.3864964293442978
3,1,Explosive,0.9991273996509599,0.043478260869565216
3,1,Flammable,0.9731675392670157,0.6242710358233824
3,1,Health Hazard,0.9573020783753768,0.5556243550051599
3,1,Irritant,0.7696731715056322,0.8425817994524113
3,1,Oxidizer,0.9986910994764397,0.3125
3,1,nan,0.8383111216880851,0.5066263237518911
1,2,Acute Toxic,0.9583539910758553,0.6025738077214232
1,2,Compressed Gas,0.999087754090233,0.41025641025641024
1,2,Corrosive,0.9602379771938523,0.8395614947587421
1,2,Environmental Hazard,0.9426078334159643,0.3727785002167317
1,2,Explosive,0.9992067426871591,0.09090909090909091
1,2,Flammable,0.9735845314823997,0.6176808266360505
1,2,Health Hazard,0.9565096678235002,0.5441696113074205
1,2,Irritant,0.7657907783837382,0.8397775064441731
1,2,Oxidizer,0.9989291026276649,0.41304347826086957
1,2,nan,0.8361328705999008,0.499242470153324
2,2,Acute Toxic,0.9582540060288751,0.5922913035057137
2,2,Compressed Gas,0.9989092495636999,0.5132743362831859
2,2,Corrosive,0.9609511343804538,0.8404505307511547
2,2,Environmental Hazard,0.9435387910518801,0.3989867004433186
2,2,Explosive,0.9991273996509599,0.043478260869565216
2,2,Flammable,0.9742186260510868,0.6410822749861955
2,2,Health Hazard,0.9561320006346185,0.5444810543657331
2,2,Irritant,0.767749484372521,0.8416169648774022
2,2,Oxidizer,0.9988100904331271,0.3023255813953488
2,2,nan,0.8346422338568935,0.4976503193155802
3,2,Acute Toxic,0.9599793749008408,0.6108754338603933
3,2,Compressed Gas,0.9991868951293035,0.594059405940594
3,2,Corrosive,0.9613676027288592,0.8415487229542866
3,2,Environmental Hazard,0.9431818181818182,0.3855886768174995
3,2,Explosive,0.9990480723465016,0.04
3,2,Flammable,0.9743971124861177,0.6450371185042617
3,2,Health Hazard,0.9574607329842932,0.5628693702873446
3,2,Irritant,0.7691773758527686,0.8420909818606103
3,2,Oxidizer,0.9983539584324924,0.23853211009174313
3,2,nan,0.8365659209900047,0.5046582917593316
1,3,Acute Toxic,0.959008428358949,0.5987186953989516
1,3,Compressed Gas,0.9989687654933069,0.48
1,3,Corrosive,0.9609717402082301,0.8413159167876149
1,3,Environmental Hazard,0.9447496281606346,0.396969696969697
1,3,Explosive,0.9991670798215171,0.08695652173913043
1,3,Flammable,0.9738820029747149,0.6251067463706234
1,3,Health Hazard,0.9564898363906792,0.548745372274784
1,3,Irritant,0.7712840852751611,0.8434228925967661
1,3,Oxidizer,0.9985721368368865,0.3684210526315789
1,3,nan,0.8361527020327219,0.5046762589928058
2,3,Acute Toxic,0.9578375376804696,0.5863813229571985
2,3,Compressed Gas,0.9991075678248453,0.5454545454545454
2,3,Corrosive,0.9600190385530699,0.8349164755977727
2,3,Environmental Hazard,0.942924004442329,0.40091590341382183
2,3,Explosive,0.9991472314770744,0.044444444444444446
2,3,Flammable,0.973683166745994,0.6277699859747545
2,3,Health Hazard,0.9558543550690147,0.5473769825132168
2,3,Irritant,0.7668768840234809,0.8410003922576457
2,3,Oxidizer,0.9987109313025544,0.2857142857142857
2,3,nan,0.8341662700301444,0.4896240234375
3,3,Acute Toxic,0.957996192289386,0.5979498861047836
3,3,Compressed Gas,0.9990877359987308,0.5490196078431373
3,3,Corrosive,0.9611891162938283,0.8439269479224819
3,3,Environmental Hazard,0.9436776138346818,0.3990689801100296
3,3,Explosive,0.9991472314770744,0.1568627450980392
3,3,Flammable,0.9733460257020466,0.6347826086956522
3,3,Health Hazard,0.9555568776772966,0.5414364640883977
3,3,Irritant,0.7669562113279391,0.8402419957854667
3,3,Oxidizer,0.9988497540853561,0.30952380952380953
3,3,nan,0.8360106298587974,0.5026763697600288
1,4,Acute Toxic,0.9588101140307387,0.5991121405134144
1,4,Compressed Gas,0.9988894397620228,0.5333333333333333
1,4,Corrosive,0.9614278631631136,0.8420625253755583
1,4,Environmental Hazard,0.9437778879524046,0.3878212049233427
1,4,Explosive,0.9992067426871591,0.13043478260869565
1,4,Flammable,0.9732275656916212,0.6264526840066409
1,4,Health Hazard,0.9564700049578582,0.5499282345704326
1,4,Irritant,0.7664055528011899,0.8400787455026815
1,4,Oxidizer,0.9986514625681705,0.34615384615384615
1,4,nan,0.8342290530490828,0.500269026125426
2,4,Acute Toxic,0.9589282881167698,0.600270218104613
2,4,Compressed Gas,0.9991670633031889,0.5227272727272727
2,4,Corrosive,0.9600388703791846,0.8382175832998796
2,4,Environmental Hazard,0.9427653498334126,0.390625
2,4,Explosive,0.9991075678248453,0.08163265306122448
2,4,Flammable,0.9744367761383468,0.628208826074416
2,4,Health Hazard,0.9555568776772966,0.5442342892007321
2,4,Irritant,0.7693360304616849,0.8423706072885467
2,4,Oxidizer,0.9987109313025544,0.3010752688172043
2,4,nan,0.8360899571632556,0.5012371009595076
3,4,Acute Toxic,0.9597215611613518,0.6149763033175355
3,4,Compressed Gas,0.9991472314770744,0.5567010309278351
3,4,Corrosive,0.961466761859432,0.842964519518306
3,4,Environmental Hazard,0.9439552594002856,0.3956372968349016
3,4,Explosive,0.9991075678248453,0.0425531914893617
3,4,Flammable,0.9733063620498176,0.6292011019283746
3,4,Health Hazard,0.9574210693320641,0.5465681098204858
3,4,Irritant,0.7663810883706171,0.8402885110767645
3,4,Oxidizer,0.9987109313025544,0.2696629213483146
3,4,nan,0.8346818975091227,0.4929440389294404
1,5,Acute Toxic,0.9586712940009916,0.6009191880505553
1,5,Compressed Gas,0.9988894397620228,0.46153846153846156
1,5,Corrosive,0.9610907288051562,0.841313490779683
1,5,Environmental Hazard,0.944194348041646,0.4038135593220339
1,5,Explosive,0.9989687654933069,0.037037037037037035
1,5,Flammable,0.9726326227069906,0.6252036936447583
1,5,Health Hazard,0.9558948934060486,0.5393537696768849
1,5,Irritant,0.7691422905304909,0.8418836504896567
1,5,Oxidizer,0.9987109568666336,0.3157894736842105
1,5,nan,0.8360337134357957,0.49951573849878933
2,5,Acute Toxic,0.9586506425511662,0.5969456794896578
2,5,Compressed Gas,0.998988576868158,0.48484848484848486
2,5,Corrosive,0.9617444074250358,0.843361753958587
2,5,Environmental Hazard,0.944113914009202,0.39136069114470845
2,5,Explosive,0.9992265587815327,0.04878048780487805
2,5,Flammable,0.973504680310963,0.6223855285472019
2,5,Health Hazard,0.956369982547993,0.551203590371277
2,5,Irritant,0.7694946850706013,0.8423208931938735
2,5,Oxidizer,0.9986316039980961,0.2736842105263158
2,5,nan,0.835415675075361,0.5001505751972535
3,5,Acute Toxic,0.9598008884658099,0.6075508228460794
3,5,Compressed Gas,0.9991670633031889,0.5625
3,5,Corrosive,0.9612089481199428,0.843042850264805
3,5,Environmental Hazard,0.9429438362684436,0.39265357821405955
3,5,Explosive,0.999206726955418,0.047619047619047616
3,5,Flammable,0.9742582897033158,0.6316685584562997
3,5,Health Hazard,0.9572227510709186,0.5579012092641935
3,5,Irritant,0.7715968586387435,0.8443164767427714
3,5,Oxidizer,0.9988100904331271,0.4
3,5,nan,0.8366254164683484,0.49866114897760466
1,6,Acute Toxic,0.9579970252850768,0.5959557420831744
1,6,Compressed Gas,0.9987902825979177,0.48739495798319327
1,6,Corrosive,0.9585126425384234,0.831208649346458
1,6,Environmental Hazard,0.944194348041646,0.3992314261315115
1,6,Explosive,0.9991670798215171,0.08695652173913043
1,6,Flammable,0.9732870599900842,0.6225833566825442
1,6,Health Hazard,0.9548636588993554,0.5409439290036305
1,6,Irritant,0.7679920674268715,0.8415091783512836
1,6,Oxidizer,0.9985919682697075,0.25263157894736843
1,6,nan,0.8352999504214179,0.4966361597672586
2,6,Acute Toxic,0.9592059336823735,0.5998832911884847
2,6,Compressed Gas,0.9991670633031889,0.5333333333333333
2,6,Corrosive,0.9615659209900047,0.8445620789220404
2,6,Environmental Hazard,0.9452046644455021,0.40567864056786407
2,6,Explosive,0.9991868951293035,0.08888888888888889
2,6,Flammable,0.9737426622243376,0.6400217509516042
2,6,Health Hazard,0.9575598921148659,0.555463232239302
2,6,Irritant,0.7688402348088212,0.8420981332466336
2,6,Oxidizer,0.9988894177375853,0.391304347826087
2,6,nan,0.834662065683008,0.4949415399527473
3,6,Acute Toxic,0.9595430747263208,0.6082949308755761
3,6,Compressed Gas,0.9991273996509599,0.5111111111111111
3,6,Corrosive,0.9611296208154847,0.840104421602219
3,6,Environmental Hazard,0.9417539267015707,0.3776223776223776
3,6,Explosive,0.9990480723465016,0.04
3,6,Flammable,0.9736236712676504,0.6171560161197467
3,6,Health Hazard,0.9585514834205934,0.5669291338582677
3,6,Irritant,0.7673925115024591,0.840606101787049
3,6,Oxidizer,0.9986117721719816,0.3269230769230769
3,6,nan,0.8345629065524354,0.49728817644931905
1,7,Acute Toxic,0.9575805651958355,0.5984606720480571
1,7,Compressed Gas,0.9990480912245909,0.5555555555555556
1,7,Corrosive,0.9592662369856222,0.8348609101141663
1,7,Environmental Hazard,0.942310361923649,0.3918043069203429
1,7,Explosive,0.999067922657412,0.11320754716981132
1,7,Flammable,0.9755478433316808,0.6513994910941476
1,7,Health Hazard,0.9556767476450173,0.5454545454545454
1,7,Irritant,0.7659692612791275,0.8395447808884114
1,7,Oxidizer,0.9988101140307387,0.3333333333333333
1,7,nan,0.8356965790778383,0.49948649791578564
2,7,Acute Toxic,0.9600983658575282,0.610077519379845
2,7,Compressed Gas,0.9990480723465016,0.52
2,7,Corrosive,0.9629938124702523,0.8471494102228048
2,7,Environmental Hazard,0.9451055053149294,0.41306191687871074
2,7,Explosive,0.9991273996509599,0.15384615384615385
2,7,Flammable,0.9726122481358084,0.6149986060775021
2,7,Health Hazard,0.9564294780263367,0.5456049638055843
2,7,Irritant,0.7662620974139299,0.8405573593073593
2,7,Oxidizer,0.998770426780898,0.39215686274509803
2,7,nan,0.8339084562906552,0.49041679342865835
3,7,Acute Toxic,0.9588489608123116,0.5993435026066808
3,7,Compressed Gas,0.9991472314770744,0.5473684210526316
3,7,Corrosive,0.9612089481199428,0.8434699103713188
3,7,Environmental Hazard,0.9434396319213073,0.38666666666666666
3,7,Explosive,0.9992662224337617,0.13953488372093023
3,7,Flammable,0.9726519117880374,0.6144814090019569
3,7,Health Hazard,0.9563104870696494,0.5462409886714727
3,7,Irritant,0.7672338568935427,0.8405883711138576
3,7,Oxidizer,0.9985126130414088,0.21052631578947367
3,7,nan,0.8359114707282247,0.50383785080355
1,8,Acute Toxic,0.9587506197322757,0.6048632218844985
1,8,Compressed Gas,0.9989092711948439,0.45544554455445546
1,8,Corrosive,0.96,0.8392700613594709
1,8,Environmental Hazard,0.9436390679226574,0.39195549850235345
1,8,Explosive,0.999087754090233,0.08
1,8,Flammable,0.973029251363411,0.621380846325167
1,8,Health Hazard,0.9551412989588498,0.5330305532617672
1,8,Irritant,0.7704115022310362,0.8428724602668332
1,8,Oxidizer,0.9985721368368865,0.29411764705882354
1,8,nan,0.8373425880019831,0.5058440775997108
2,8,Acute Toxic,0.9591464382040298,0.6
2,8,Compressed Gas,0.9993257179121053,0.6382978723404256
2,8,Corrosive,0.96023718864033,0.8367130873849662
2,8,Environmental Hazard,0.9423687133111217,0.3763948497854077
2,8,Explosive,0.9990679041726163,0.0784313725490196
2,8,Flammable,0.9732270347453593,0.6205733558178752
2,8,Health Hazard,0.9566277962874822,0.5502776064157927
2,8,Irritant,0.7671941932413137,0.8407990561048049
2,8,Oxidizer,0.9987505949547835,0.3368421052631579
2,8,nan,0.8350190385530699,0.500869982600348
3,8,Acute Toxic,0.9599992067269554,0.6117420596727623
3,8,Compressed Gas,0.9990877359987308,0.54
3,8,Corrosive,0.961427098207203,0.8427266111425568
3,8,Environmental Hazard,0.9444510550531493,0.4046758767268863
3,8,Explosive,0.9993058860859908,0.10256410256410256
3,8,Flammable,0.9746747580517214,0.6413928671721426
3,8,Health Hazard,0.9570244328097731,0.5525500722692546
3,8,Irritant,0.7652705061082025,0.8394770390864459
3,8,Oxidizer,0.9988695859114707,0.3870967741935484
3,8,nan,0.8335911470728224,0.49393884566672697
1,9,Acute Toxic,0.9584928111056024,0.5870980469520616
1,9,Compressed Gas,0.9992464055528012,0.6274509803921569
1,9,Corrosive,0.9616460089241448,0.8441830486625846
1,9,Environmental Hazard,0.9419732275656916,0.38060965283657916
1,9,Explosive,0.9992265741199802,0.04878048780487805
1,9,Flammable,0.97300941993059,0.6266117969821674
1,9,Health Hazard,0.9569657907783837,0.5501658374792703
1,9,Irritant,0.7707882994546356,0.8434723726977248
1,9,Oxidizer,0.9987902825979177,0.3838383838383838
1,9,nan,0.8380763510163609,0.506974216532818
2,9,Acute Toxic,0.9590869427256862,0.6069727567155648
2,9,Compressed Gas,0.9990282405203871,0.4731182795698925
2,9,Corrosive,0.9616650801205775,0.8447015345063067
2,9,Environmental Hazard,0.9456409646200222,0.417923125929072
2,9,Explosive,0.9991075678248453,0.0425531914893617
2,9,Flammable,0.9734253530065048,0.6246498599439776
2,9,Health Hazard,0.9566079644613676,0.5565464126469396
2,9,Irritant,0.7682056163731557,0.8414584520224627
2,9,Oxidizer,0.998770426780898,0.2619047619047619
2,9,nan,0.8357528161193083,0.4995770392749245
3,9,Acute Toxic,0.9594240837696335,0.6039488966318235
3,9,Compressed Gas,0.9991868951293035,0.616822429906542
3,9,Corrosive,0.9609511343804538,0.8400617334091462
3,9,Environmental Hazard,0.9440940821830874,0.4031336015244548
3,9,Explosive,0.9990282405203871,0.0392156862745098
3,9,Flammable,0.9747540853561796,0.6384549843794377
3,9,Health Hazard,0.9565484689830239,0.5430656934306569
3,9,Irritant,0.7680271299381247,0.8411402805883391
3,9,Oxidizer,0.9985919403458671,0.297029702970297
3,9,nan,0.8336903062033952,0.4948192771084337
1,10,Acute Toxic,0.9599603371343579,0.6129959746981024
1,10,Compressed Gas,0.9992067426871591,0.5555555555555556
1,10,Corrosive,0.9620624690133862,0.8437984812607169
1,10,Environmental Hazard,0.9430639563708478,0.3974816369359916
1,10,Explosive,0.9989489340604859,0.03636363636363636
1,10,Flammable,0.9727714427367378,0.6195622055971183
1,10,Health Hazard,0.9563906792265742,0.5476239456901872
1,10,Irritant,0.7679920674268715,0.8416121738894982
1,10,Oxidizer,0.9986514625681705,0.2916666666666667
1,10,nan,0.8347050074367873,0.496405051054317
2,10,Acute Toxic,0.9592455973346026,0.6072998280145232
2,10,Compressed Gas,0.9989687450420435,0.5272727272727272
2,10,Corrosive,0.9617245755989211,0.8478637868516475
2,10,Environmental Hazard,0.944153577661431,0.3967437874892888
2,10,Explosive,0.9991868951293035,0.1276595744680851
2,10,Flammable,0.9731278756147866,0.6147284617571794
2,10,Health Hazard,0.9570640964620022,0.5568065506653019
2,10,Irritant,0.7663414247183881,0.8399923948176115
2,10,Oxidizer,0.9986514358242107,0.20930232558139536
2,10,nan,0.8347810566396954,0.4999099585809472
3,10,Acute Toxic,0.9590274472473426,0.6017733230531996
3,10,Compressed Gas,0.9991868951293035,0.5858585858585859
3,10,Corrosive,0.9614469300333175,0.8409946016685752
3,10,Environmental Hazard,0.9435586228779946,0.39652247667514845
3,10,Explosive,0.9993058860859908,0.10256410256410256
3,10,Flammable,0.974734253530065,0.6390934844192635
3,10,Health Hazard,0.9565683008091385,0.5517805976258698
3,10,Irritant,0.7654886561954625,0.8395021512819468
3,10,Oxidizer,0.9986316039980961,0.31683168316831684
3,10,nan,0.8353165159447882,0.4974582425562818
1,11,Acute Toxic,0.9580961824491819,0.5851168270174749
1,11,Compressed Gas,0.999067922657412,0.5436893203883495
1,11,Corrosive,0.9603966286564204,0.8395597332690609
1,11,Environmental Hazard,0.9444918195339613,0.39896929353661154
1,11,Explosive,0.9990480912245909,0.04
1,11,Flammable,0.972989588497769,0.6229235880398671
1,11,Health Hazard,0.9563113534952901,0.5460539872243972
1,11,Irritant,0.7669410014873574,0.8406119459664732
1,11,Oxidizer,0.9987307882994546,0.28888888888888886
1,11,nan,0.8350024789291026,0.49819059107358266
2,11,Acute Toxic,0.9602966841186736,0.614406779661017
2,11,Compressed Gas,0.9990480723465016,0.5471698113207547
2,11,Corrosive,0.9616055846422339,0.8429591174561972
2,11,Environmental Hazard,0.9438561002697128,0.39932102694674304
2,11,Explosive,0.9991670633031889,0.0
2,11,Flammable,0.9738616531810249,0.6318435754189944
2,11,Health Hazard,0.9555172140250674,0.5402746464439434
2,11,Irritant,0.7678883071553229,0.8412198827870632
2,11,Oxidizer,0.9984927812152943,0.32142857142857145
2,11,nan,0.8359709662065683,0.5002718868950516
3,11,Acute Toxic,0.9588291289861971,0.6068181818181818
3,11,Compressed Gas,0.999206726955418,0.5652173913043478
3,11,Corrosive,0.9621212121212122,0.8463147730930157
3,11,Environmental Hazard,0.9433603046168492,0.39208173690932313
3,11,Explosive,0.9991472314770744,0.0
3,11,Flammable,0.9731873710931302,0.6195835678109173
3,11,Health Hazard,0.9572624147231477,0.5592145633053794
3,11,Irritant,0.7690980485483103,0.8421395159650193
3,11,Oxidizer,0.9988100904331271,0.3023255813953488
3,11,nan,0.8362089481199428,0.5039341702204336
1,12,Acute Toxic,0.9604759543877045,0.6091390468719357
1,12,Compressed Gas,0.999127416955875,0.5217391304347826
1,12,Corrosive,0.9610510659395142,0.8406361570918532
1,12,Environmental Hazard,0.9437580565195836,0.39966130397967825
1,12,Explosive,0.9992662369856222,0.0975609756097561
1,12,Flammable,0.9741199801685672,0.6318758815232722
1,12,Health Hazard,0.9563708477937531,0.5510204081632653
1,12,Irritant,0.7673177987109568,0.8405300713557594
1,12,Oxidizer,0.9986712940009915,0.27956989247311825
1,12,nan,0.8331779871095687,0.49676956209619527
2,12,Acute Toxic,0.9582936696811042,0.5976659651807921
2,12,Compressed Gas,0.9991472314770744,0.5742574257425742
2,12,Corrosive,0.9616254164683484,0.8416400687453965
2,12,Environmental Hazard,0.9432809773123909,0.3888888888888889
2,12,Explosive,0.9990084086942725,0.10714285714285714
2,12,Flammable,0.9731278756147866,0.6278494918978302
2,12,Health Hazard,0.9563501507218785,0.5434557145820369
2,12,Irritant,0.7679279708075519,0.8411521963403378
2,12,Oxidizer,0.998770426780898,0.27906976744186046
2,12,nan,0.8348207202919244,0.49688915735427364
3,12,Acute Toxic,0.9574210693320641,0.5849603711579354
3,12,Compressed Gas,0.9988100904331271,0.4230769230769231
3,12,Corrosive,0.9599595430747263,0.8402816232892968
3,12,Environmental Hazard,0.9438759320958274,0.3934847835405058
3,12,Explosive,0.999206726955418,0.16666666666666666
3,12,Flammable,0.9743376170077741,0.6397550111358574
3,12,Health Hazard,0.9564096462002221,0.5490356996306934
3,12,Irritant,0.769772330636205,0.8429157138411161
3,12,Oxidizer,0.9986117721719816,0.33962264150943394
3,12,nan,0.837438521339045,0.5011259205160976
1,13,Acute Toxic,0.9598016856717898,0.6041788713141965
1,13,Compressed Gas,0.999107585523054,0.5054945054945055
1,13,Corrosive,0.9610510659395142,0.8418170103092784
1,13,Environmental Hazard,0.9439960337134358,0.38394415357766143
1,13,Explosive,0.999107585523054,0.11764705882352941
1,13,Flammable,0.9736836886465047,0.6263024500140806
1,13,Health Hazard,0.957183936539415,0.5486096592097011
1,13,Irritant,0.7689241447694596,0.841469387755102
1,13,Oxidizer,0.9985523054040655,0.3177570093457944
1,13,nan,0.8378780366881508,0.5130160243045213
2,13,Acute Toxic,0.9588687926384262,0.6019193857965451
2,13,Compressed Gas,0.9990679041726163,0.5436893203883495
2,13,Corrosive,0.9608123115976519,0.8422229319706164
2,13,Environmental Hazard,0.9428050134856417,0.3941176470588235
2,13,Explosive,0.9993455497382199,0.1951219512195122
2,13,Flammable,0.9739211486593685,0.6364390378766934
2,13,Health Hazard,0.9566872917658258,0.5577156743620899
2,13,Irritant,0.7670553704585118,0.840978013646702
2,13,Oxidizer,0.998770426780898,0.27906976744186046
2,13,nan,0.8357528161193083,0.49264886057338886
3,13,Acute Toxic,0.9587696335078534,0.60164782525388
3,13,Compressed Gas,0.9989687450420435,0.44680851063829785
3,13,Corrosive,0.9613676027288592,0.8404586404586405
3,13,Environmental Hazard,0.9420712359194034,0.3823218439416367
3,13,Explosive,0.9990084086942725,0.07407407407407407
3,13,Flammable,0.9746350943994923,0.6385984741452387
3,13,Health Hazard,0.9560328415040457,0.54671846248211
3,13,Irritant,0.7672140250674282,0.8409916011920888
3,13,Oxidizer,0.9986514358242107,0.24444444444444444
3,13,nan,0.8343050928129462,0.4946470694973689
1,14,Acute Toxic,0.9599801685671789,0.605859375
1,14,Compressed Gas,0.9991869112543381,0.49382716049382713
1,14,Corrosive,0.9608329201784829,0.8414291449217182
1,14,Environmental Hazard,0.943242439266237,0.38557320738514383
1,14,Explosive,0.999127416955875,0.08333333333333333
1,14,Flammable,0.9730689142290531,0.62109375
1,14,Health Hazard,0.9574814080317303,0.5488215488215489
1,14,Irritant,0.7714229053049083,0.8434350294764867
1,14,Oxidizer,0.9983738225086762,0.22641509433962265
1,14,nan,0.8376598909271195,0.5082892839980778
2,14,Acute Toxic,0.9600587022052991,0.6143240137878208
2,14,Compressed Gas,0.9990282405203871,0.608
2,14,Corrosive,0.9618039029033794,0.8415336514727662
2,14,Environmental Hazard,0.9441734094875456,0.40997694403688956
2,14,Explosive,0.9993257179121053,0.15
2,14,Flammable,0.9729097255275265,0.6169377453729669
2,14,Health Hazard,0.9572624147231477,0.5515088449531738
2,14,Irritant,0.7661431064572426,0.8400954653937948
2,14,Oxidizer,0.9990679041726163,0.3561643835616438
2,14,nan,0.8328970331588132,0.49647424405402174
3,14,Acute Toxic,0.9586506425511662,0.601109623110771
3,14,Compressed Gas,0.9991472314770744,0.5473684210526316
3,14,Corrosive,0.96067348881485,0.8425815670397714
3,14,Environmental Hazard,0.944371727748691,0.4028103044496487
3,14,Explosive,0.9990084086942725,0.10714285714285714
3,14,Flammable,0.9745755989211486,0.637648388920294
3,14,Health Hazard,0.9552792321116929,0.5480056123471637
3,14,Irritant,0.7677891480247501,0.8414381474710543
3,14,Oxidizer,0.9986117721719816,0.375
3,14,nan,0.8378153260352214,0.499203919167177
1,15,Acute Toxic,0.9598611799702529,0.6028257456828885
1,15,Compressed Gas,0.9990282597917699,0.4842105263157895
1,15,Corrosive,0.9613485374318295,0.841737718229801
1,15,Environmental Hazard,0.943262270699058,0.39424094854965064
1,15,Explosive,0.999107585523054,0.0425531914893617
1,15,Flammable,0.9736440257808626,0.6227646891853534
1,15,Health Hazard,0.9564303420922161,0.5439069960556363
1,15,Irritant,0.7687059990084284,0.8418254560249542
1,15,Oxidizer,0.9988497768963808,0.30952380952380953
1,15,nan,0.8354982647496282,0.4974859150663355
2,15,Acute Toxic,0.9586308107250515,0.6046247156937073
2,15,Compressed Gas,0.9991273996509599,0.5319148936170213
2,15,Corrosive,0.9600587022052991,0.838050820199421
2,15,Environmental Hazard,0.9443122322703474,0.39768339768339767
2,15,Explosive,0.999206726955418,0.09090909090909091
2,15,Flammable,0.9734055211803903,0.6246851385390428
2,15,Health Hazard,0.9567864508963986,0.5517383254474388
2,15,Irritant,0.7643582421069333,0.8384895606785558
2,15,Oxidizer,0.9985126130414088,0.25742574257425743
2,15,nan,0.8344835792479771,0.4989193083573487
3,15,Acute Toxic,0.9574210693320641,0.5823769694611943
3,15,Compressed Gas,0.9991273996509599,0.5769230769230769
3,15,Corrosive,0.9609114707282247,0.8410612047415531
3,15,Environmental Hazard,0.9425670315722672,0.3869602032176122
3,15,Explosive,0.9991273996509599,0.08333333333333333
3,15,Flammable,0.9743971124861177,0.6432716219950263
3,15,Health Hazard,0.9565484689830239,0.5572842998585573
3,15,Irritant,0.7696335078534031,0.8428146143437077
3,15,Oxidizer,0.9987307631286689,0.37254901960784315
3,15,nan,0.836466761859432,0.4981132075471698
1,16,Acute Toxic,0.9607139315815567,0.6214408561054844
1,16,Compressed Gas,0.9989489340604859,0.4536082474226804
1,16,Corrosive,0.9623599405057015,0.8442474971278516
1,16,Environmental Hazard,0.9441150223103619,0.40144435004248086
1,16,Explosive,0.9990480912245909,0.07692307692307693
1,16,Flammable,0.9734457114526525,0.6207873123760974
1,16,Health Hazard,0.9564105106593952,0.5575684380032206
1,16,Irritant,0.7696380763510163,0.8422467881685091
1,16,Oxidizer,0.9987109568666336,0.2696629213483146
1,16,nan,0.8368071393158155,0.5094485842026826
2,16,Acute Toxic,0.9581151832460733,0.5955572577556492
2,16,Compressed Gas,0.9990282405203871,0.5148514851485149
2,16,Corrosive,0.9606536569887355,0.8402576489533011
2,16,Environmental Hazard,0.9437371093130256,0.4085887012716281
2,16,Explosive,0.9991472314770744,0.044444444444444446
2,16,Flammable,0.9743971124861177,0.6362355593124824
2,16,Health Hazard,0.9571830874186895,0.5499270377319158
2,16,Irritant,0.7684435982865302,0.8417843301986504
2,16,Oxidizer,0.998770426780898,0.3541666666666667
2,16,nan,0.8360304616849119,0.4946828016134947
3,16,Acute Toxic,0.9597413929874663,0.6032056293979672
3,16,Compressed Gas,0.9991670633031889,0.5882352941176471
3,16,Corrosive,0.9604751705537046,0.8407765439002955
3,16,Environmental Hazard,0.9438164366174837,0.3934917576536074
3,16,Explosive,0.999206726955418,0.047619047619047616
3,16,Flammable,0.9726519117880374,0.6200055111600992
3,16,Health Hazard,0.9564493098524512,0.5466556564822461
3,16,Irritant,0.7657464699349517,0.8399588109367802
3,16,Oxidizer,0.9986910994764397,0.36538461538461536
3,16,nan,0.8329366968110423,0.49081237911025144
1,17,Acute Toxic,0.9586316311353495,0.6037234042553191
1,17,Compressed Gas,0.9991670798215171,0.5333333333333333
1,17,Corrosive,0.9605156172533466,0.839938901840984
1,17,Environmental Hazard,0.9452255825483391,0.3875831485587583
1,17,Explosive,0.9990480912245909,0.07692307692307693
1,17,Flammable,0.9740009915716411,0.6276625958534507
1,17,Health Hazard,0.9573624194348042,0.552828618968386
1,17,Irritant,0.7667030242935052,0.8406868719698817
1,17,Oxidizer,0.9986911254338126,0.34
1,17,nan,0.8336737729300941,0.49350806208104353
2,17,Acute Toxic,0.9591662700301444,0.6024329021046534
2,17,Compressed Gas,0.9987109313025544,0.4247787610619469
2,17,Corrosive,0.9617047437728066,0.8435043358456925
2,17,Environmental Hazard,0.9425670315722672,0.3936348408710218
2,17,Explosive,0.9991472314770744,0.1568627450980392
2,17,Flammable,0.9742781215294304,0.6410185441461389
2,17,Health Hazard,0.9562509915913058,0.5512611879576892
2,17,Irritant,0.7681262890686974,0.8412275936990766
2,17,Oxidizer,0.9987307631286689,0.37254901960784315
2,17,nan,0.8362089481199428,0.5028592066453982
3,17,Acute Toxic,0.9585316515944788,0.5965656955431218
3,17,Compressed Gas,0.9991472314770744,0.49411764705882355
3,17,Corrosive,0.9616055846422339,0.8440470436603834
3,17,Environmental Hazard,0.9426265270506108,0.39133179044813804
3,17,Explosive,0.9992463906076472,0.09523809523809523
3,17,Flammable,0.9725130890052356,0.6126327557294577
3,17,Health Hazard,0.9550412501983183,0.5368743615934627
3,17,Irritant,0.7665000793273045,0.8400184792651775
3,17,Oxidizer,0.9985919403458671,0.20224719101123595
3,17,nan,0.8355941615103919,0.5021021021021022
1,18,Acute Toxic,0.9588894397620228,0.6001928640308583
1,18,Compressed Gas,0.9990282597917699,0.5420560747663551
1,18,Corrosive,0.9596628656420426,0.834499593165175
1,18,Environmental Hazard,0.9433614278631631,0.39823008849557523
1,18,Explosive,0.9991869112543381,0.08888888888888889
1,18,Flammable,0.9739811601388201,0.6333147009502516
1,18,Health Hazard,0.955379276152702,0.5439805431698419
1,18,Irritant,0.7678730788299455,0.8410920593545934
1,18,Oxidizer,0.9986117997025286,0.3137254901960784
1,18,nan,0.8329003470500743,0.4922261058213812
2,18,Acute Toxic,0.9578573695065842,0.6003385367688546
2,18,Compressed Gas,0.9990679041726163,0.584070796460177
2,18,Corrosive,0.9599198794224972,0.8368977483657494
2,18,Environmental Hazard,0.944907187053784,0.40129310344827585
2,18,Explosive,0.9991472314770744,0.12244897959183673
2,18,Flammable,0.973940980485483,0.6267045454545455
2,18,Health Hazard,0.9562509915913058,0.5501631321370309
2,18,Irritant,0.7714183722037126,0.8439057421451788
2,18,Oxidizer,0.9988497540853561,0.32558139534883723
2,18,nan,0.8392630493415834,0.508340915984228
3,18,Acute Toxic,0.959662065683008,0.5994486018117369
3,18,Compressed Gas,0.9992463906076472,0.525
3,18,Corrosive,0.9607131524670792,0.841355009209578
3,18,Environmental Hazard,0.9426265270506108,0.3892759130251214
3,18,Explosive,0.9991075678248453,0.08163265306122448
3,18,Flammable,0.9728502300491829,0.6219276442971555
3,18,Health Hazard,0.9579763604632715,0.5595510288921223
3,18,Irritant,0.7677296525464065,0.8412147505422993
3,18,Oxidizer,0.9985919403458671,0.26804123711340205
3,18,nan,0.8340671108995716,0.4961156278229449
1,19,Acute Toxic,0.9582151710461081,0.5936354869816779
1,19,Compressed Gas,0.999008428358949,0.576271186440678
1,19,Corrosive,0.9593058998512642,0.8321884200196271
1,19,Environmental Hazard,0.9431432821021318,0.38330823833082384
1,19,Explosive,0.999087754090233,0.08
1,19,Flammable,0.9731680713931582,0.6298221614227086
1,19,Health Hazard,0.9564898363906792,0.552610114192496
1,19,Irritant,0.7672384729796727,0.8407527509056619
1,19,Oxidizer,0.9988299454635597,0.3218390804597701
1,19,nan,0.8342092216162618,0.49455864570737607
2,19,Acute Toxic,0.9592852609868316,0.599883063730267
2,19,Compressed Gas,0.9991868951293035,0.5684210526315789
2,19,Corrosive,0.9603165159447882,0.841705561268887
2,19,Environmental Hazard,0.9432016500079328,0.3970526315789474
2,19,Explosive,0.9990084086942725,0.038461538461538464
2,19,Flammable,0.972493257179121,0.6024648896531958
2,19,Health Hazard,0.9556163731556402,0.547146904087414
2,19,Irritant,0.7669958749801682,0.8405942609049589
2,19,Oxidizer,0.9986316039980961,0.3300970873786408
2,19,nan,0.8348207202919244,0.4973749321103132
3,19,Acute Toxic,0.9584721561161351,0.6009908536585366
3,19,Compressed Gas,0.9991075678248453,0.5454545454545454
3,19,Corrosive,0.9623591940345867,0.8477214377406932
3,19,Environmental Hazard,0.9431619863557036,0.38418564675547917
3,19,Explosive,0.9993455497382199,0.10810810810810811
3,19,Flammable,0.9738418213549104,0.6324881582613542
3,19,Health Hazard,0.9572425828970331,0.5453395191902151
3,19,Irritant,0.7686617483737903,0.8419869146471967
3,19,Oxidizer,0.9985721085197525,0.21739130434782608
3,19,nan,0.8375376804696176,0.5048954430073734
1,20,Acute Toxic,0.9578978681209718,0.5961575042800076
1,20,Compressed Gas,0.9987902825979177,0.39603960396039606
1,20,Corrosive,0.9610708973723352,0.8428971588635454
1,20,Environmental Hazard,0.943242439266237,0.3946700507614213
1,20,Explosive,0.9991472483886961,0.0851063829787234
1,20,Flammable,0.9743579573624195,0.6344359626802375
1,20,Health Hazard,0.9559940505701537,0.5389569914814045
1,20,Irritant,0.7690431333663857,0.8423361221671676
1,20,Oxidizer,0.9987307882994546,0.41818181818181815
1,20,nan,0.8364105106593951,0.49948425459620166
2,20,Acute Toxic,0.9607726479454228,0.6154743390357699
2,20,Compressed Gas,0.9991472314770744,0.4819277108433735
2,20,Corrosive,0.9616055846422339,0.8421653350725583
2,20,Environmental Hazard,0.9425471997461526,0.38817317845828936
2,20,Explosive,0.9989489132159289,0.03636363636363636
2,20,Flammable,0.9738219895287958,0.639344262295082
2,20,Health Hazard,0.9557750277645566,0.5469321414059325
2,20,Irritant,0.766738061240679,0.8403203909856095
2,20,Oxidizer,0.998770426780898,0.3404255319148936
2,20,nan,0.8332936696811042,0.49404117009750814
3,20,Acute Toxic,0.9582540060288751,0.5972833365219055
3,20,Compressed Gas,0.9990282405203871,0.5504587155963303
3,20,Corrosive,0.9605743296842774,0.8396774193548387
3,20,Environmental Hazard,0.9437767729652546,0.38248747549553475
3,20,Explosive,0.9992860542598763,0.0
3,20,Flammable,0.9735245121370776,0.6280300919476177
3,20,Health Hazard,0.955755195938442,0.5376165803108808
3,20,Irritant,0.7662224337617007,0.8401757145181409
3,20,Oxidizer,0.9986316039980961,0.20689655172413793
3,20,nan,0.8334126606377915,0.4951923076923077
1,21,Acute Toxic,0.9598810114030739,0.6058834989285018
1,21,Compressed Gas,0.9992265741199802,0.6060606060606061
1,21,Corrosive,0.961804660386713,0.8450273575796589
1,21,Environmental Hazard,0.9431036192364899,0.386047506954847
1,21,Explosive,0.9992662369856222,0.0975609756097561
1,21,Flammable,0.9746752602875558,0.6308181555362822
1,21,Health Hazard,0.9575409023301934,0.5531204341473597
1,21,Irritant,0.7680912245909767,0.8414888714181148
1,21,Oxidizer,0.9988696083292018,0.37362637362637363
1,21,nan,0.8368269707486365,0.5060038424591738
2,21,Acute Toxic,0.9590274472473426,0.5985231247570929
2,21,Compressed Gas,0.9988695859114707,0.4672897196261682
2,21,Corrosive,0.961427098207203,0.842344167950069
2,21,Environmental Hazard,0.9448278597493257,0.4012053379250969
2,21,Explosive,0.9990282405203871,0.07547169811320754
2,21,Flammable,0.9728700618752975,0.6262295081967213
2,21,Health Hazard,0.9568657782008567,0.5429712124395881
2,21,Irritant,0.7679081389814374,0.8417294402445127
2,21,Oxidizer,0.9989092495636999,0.367816091954023
2,21,nan,0.8337696335078534,0.49578922040423484
3,21,Acute Toxic,0.9580358559416151,0.600151171579743
3,21,Compressed Gas,0.9991472314770744,0.5473684210526316
3,21,Corrosive,0.9598207202919244,0.8367445608380338
3,21,Environmental Hazard,0.942705854355069,0.39268446499894893
3,21,Explosive,0.9991075678248453,0.08163265306122448
3,21,Flammable,0.9734055211803903,0.6304767153485809
3,21,Health Hazard,0.955140409328891,0.5461476725521669
3,21,Irritant,0.7674718388069174,0.8408896608812474
3,21,Oxidizer,0.9983539584324924,0.22429906542056074
3,21,nan,0.8368832302078375,0.5005768413382718
1,22,Acute Toxic,0.960059494298463,0.6123941493456505
1,22,Compressed Gas,0.9989489340604859,0.49523809523809526
1,22,Corrosive,0.9599603371343579,0.8365579211527564
1,22,Environmental Hazard,0.9438968765493307,0.39252737814043376
1,22,Explosive,0.999127416955875,0.15384615384615385
1,22,Flammable,0.9738621715418939,0.6303982052720135
1,22,Health Hazard,0.9561725334655429,0.5535353535353535
1,22,Irritant,0.7681903817550818,0.8415115317343024
1,22,Oxidizer,0.9986117997025286,0.2708333333333333
1,22,nan,0.8355775904809123,0.49894240647851573
2,22,Acute Toxic,0.9587299698556243,0.5997307174456626
2,22,Compressed Gas,0.9992662224337617,0.6262626262626263
2,22,Corrosive,0.9608123115976519,0.841080907189963
2,22,Environmental Hazard,0.9437371093130256,0.3923752409509531
2,22,Explosive,0.9992463906076472,0.13636363636363635
2,22,Flammable,0.9738616531810249,0.6377130291368884
2,22,Health Hazard,0.9566079644613676,0.5456810631229236
2,22,Irritant,0.7678486435030938,0.8409899752777853
2,22,Oxidizer,0.9988497540853561,0.2926829268292683
2,22,nan,0.8335713152467079,0.4996422609110422
3,22,Acute Toxic,0.9588489608123116,0.6005774783445621
3,22,Compressed Gas,0.9990084086942725,0.5098039215686274
3,22,Corrosive,0.9613676027288592,0.8423948220064725
3,22,Environmental Hazard,0.9425868633983817,0.39725171767645223
3,22,Explosive,0.9991472314770744,0.0851063829787234
3,22,Flammable,0.973286530223703,0.617655407323304
3,22,Health Hazard,0.9567071235919403,0.5424439320897086
3,22,Irritant,0.7698318261145486,0.8428180611609198
3,22,Oxidizer,0.9987109313025544,0.3925233644859813
3,22,nan,0.8379739806441378,0.5046082949308756
1,23,Acute Toxic,0.9587704511650966,0.5977945443993036
1,23,Compressed Gas,0.9989291026276649,0.5178571428571429
1,23,Corrosive,0.960019831432821,0.8390033540967896
1,23,Environmental Hazard,0.9417749132374814,0.38422818791946306
1,23,Explosive,0.999107585523054,0.08163265306122448
1,23,Flammable,0.9735845314823997,0.6245772266065389
1,23,Health Hazard,0.9559345562716907,0.548006509357201
1,23,Irritant,0.7653743182944968,0.839455579227335
1,23,Oxidizer,0.9988497768963808,0.3409090909090909
1,23,nan,0.8356767476450173,0.49714771210098313
2,23,Acute Toxic,0.9592852609868316,0.6023629672670928
2,23,Compressed Gas,0.9990679041726163,0.5523809523809524
2,23,Corrosive,0.9620418848167539,0.8444155421882621
2,23,Environmental Hazard,0.943717277486911,0.3938487825715506
2,23,Explosive,0.9990877359987308,0.0
2,23,Flammable,0.9734055211803903,0.6308835672997523
2,23,Health Hazard,0.9562509915913058,0.5388795986622074
2,23,Irritant,0.7684634301126447,0.8421422680133588
2,23,Oxidizer,0.9985919403458671,0.25263157894736843
2,23,nan,0.8367444074250358,0.4994527544691718
3,23,Acute Toxic,0.958392828811677,0.5988527724665392
3,23,Compressed Gas,0.9992463906076472,0.5681818181818182
3,23,Corrosive,0.9609709662065683,0.8408282109349725
3,23,Environmental Hazard,0.9452443280977313,0.3986059681986495
3,23,Explosive,0.9991868951293035,0.16326530612244897
3,23,Flammable,0.9740004759638268,0.6316381005900534
3,23,Health Hazard,0.9573020783753768,0.5559909259641164
3,23,Irritant,0.7672338568935427,0.8408002712783994
3,23,Oxidizer,0.9985721085197525,0.3076923076923077
3,23,nan,0.8346025702046644,0.49771139484461574
1,24,Acute Toxic,0.9584531482399603,0.5962613220273656
1,24,Compressed Gas,0.9992067426871591,0.5833333333333334
1,24,Corrosive,0.9602379771938523,0.8392012190231775
1,24,Environmental Hazard,0.9442736737729301,0.401618398637138
1,24,Explosive,0.9992662369856222,0.13953488372093023
1,24,Flammable,0.973921665840357,0.6248216833095578
1,24,Health Hazard,0.9569459593455627,0.5595455467640496
1,24,Irritant,0.7661675756073376,0.8398897383322244
1,24,Oxidizer,0.9983539910758552,0.1941747572815534
1,24,nan,0.8340505701536935,0.4974777804467932
2,24,Acute Toxic,0.9590274472473426,0.6019267822736031
2,24,Compressed Gas,0.998988576868158,0.45161290322580644
2,24,Corrosive,0.9623195303823576,0.8453020680670901
2,24,Environmental Hazard,0.9424282087894653,0.3840441332484617
2,24,Explosive,0.9991670633031889,0.08695652173913043
2,24,Flammable,0.9738219895287958,0.6215596330275229
2,24,Health Hazard,0.9553783912422655,0.5335820895522388
2,24,Irritant,0.76713469776297,0.8404402772115777
2,24,Oxidizer,0.9989687450420435,0.4222222222222222
2,24,nan,0.8347017293352372,0.4997299081687774
3,24,Acute Toxic,0.9577185467237823,0.58359375
3,24,Compressed Gas,0.9990084086942725,0.5283018867924528
3,24,Corrosive,0.9608123115976519,0.8414634146341463
3,24,Environmental Hazard,0.9432413136601618,0.3861003861003861
3,24,Explosive,0.9990679041726163,0.11320754716981132
3,24,Flammable,0.9733856893542757,0.6394411606663084
3,24,Health Hazard,0.9569649373314295,0.5477282200917049
3,24,Irritant,0.7689393939393939,0.8424326846354625
3,24,Oxidizer,0.9988299222592416,0.37894736842105264
3,24,nan,0.8361692844677138,0.4971696390528943
1,25,Acute Toxic,0.9584531482399603,0.5978114801305433
1,25,Compressed Gas,0.9987506197322756,0.46153846153846156
1,25,Corrosive,0.9599603371343579,0.8390080535842437
1,25,Environmental Hazard,0.9443133366385721,0.38636363636363635
1,25,Explosive,0.999067922657412,0.0784313725490196
1,25,Flammable,0.9736638572136836,0.6282194848824189
1,25,Health Hazard,0.9561923648983639,0.5326845779564205
1,25,Irritant,0.768428358948934,0.8416957010967558
1,25,Oxidizer,0.9986911254338126,0.25
1,25,nan,0.8364700049578582,0.5007870202203657
2,25,Acute Toxic,0.9607329842931938,0.6146360451537564
2,25,Compressed Gas,0.9992662224337617,0.5316455696202531
2,25,Corrosive,0.963092971600825,0.8489570651732814
2,25,Environmental Hazard,0.9432413136601618,0.3923566878980892
2,25,Explosive,0.9992265587815327,0.13333333333333333
2,25,Flammable,0.9737029985721085,0.6256352343308865
2,25,Health Hazard,0.9564691416785658,0.5508491917331696
2,25,Irritant,0.7700896398540378,0.8430812544836828
2,25,Oxidizer,0.9989687450420435,0.3333333333333333
2,25,nan,0.8352966841186736,0.4965751348730072
3,25,Acute Toxic,0.9577185467237823,0.5928189457601223
3,25,Compressed Gas,0.999206726955418,0.6
3,25,Corrosive,0.9603165159447882,0.837910085054678
3,25,Environmental Hazard,0.9423488814850072,0.3860612460401267
3,25,Explosive,0.9991670633031889,0.08695652173913043
3,25,Flammable,0.974516103442805,0.6431546792557623
3,25,Health Hazard,0.9557750277645566,0.5484001620089105
3,25,Irritant,0.7664405838489609,0.8399711929123694
3,25,Oxidizer,0.9983737902586071,0.3050847457627119
3,25,nan,0.8339282881167698,0.4966338062034143
1,26,Acute Toxic,0.9586911254338126,0.5971765615935022
1,26,Compressed Gas,0.998988596926128,0.5233644859813084
1,26,Corrosive,0.9615666831928606,0.8437348814707305
1,26,Environmental Hazard,0.9441150223103619,0.3942390369733448
1,26,Explosive,0.9993058998512643,0.14634146341463414
1,26,Flammable,0.9735845314823997,0.6283482142857143
1,26,Health Hazard,0.9577788795240456,0.5703329969727547
1,26,Irritant,0.7654734754586019,0.8395038271537919
1,26,Oxidizer,0.9986911254338126,0.2826086956521739
1,26,nan,0.8348834903321765,0.49801037019172795
2,26,Acute Toxic,0.9583729969855624,0.5917136743824158
2,26,Compressed Gas,0.9991868951293035,0.594059405940594
2,26,Corrosive,0.960851975249881,0.8419535628502802
2,26,Environmental Hazard,0.9437767729652546,0.4002538607996615
2,26,Explosive,0.9989092495636999,0.06779661016949153
2,26,Flammable,0.9736435030937649,0.6168924762179302
2,26,Health Hazard,0.9563303188957639,0.5399080651901379
2,26,Irritant,0.7671545295890846,0.8407157683385112
2,26,Oxidizer,0.9988100904331271,0.3023255813953488
2,26,nan,0.8337894653339679,0.49435897435897436
3,26,Acute Toxic,0.9593249246390607,0.609556443936798
3,26,Compressed Gas,0.9990084086942725,0.45652173913043476
3,26,Corrosive,0.9605544978581628,0.8387776606954689
3,26,Environmental Hazard,0.9426860225289545,0.3892645815722739
3,26,Explosive,0.9991868951293035,0.046511627906976744
3,26,Flammable,0.9740996350943995,0.6388274336283186
3,26,Health Hazard,0.9563104870696494,0.5405630865484881
3,26,Irritant,0.7708630810725051,0.843454461696881
3,26,Oxidizer,0.9985324448675233,0.3148148148148148
3,26,nan,0.836903062033952,0.5023599177054339
1,27,Acute Toxic,0.9579573624194349,0.6012039127163281
1,27,Compressed Gas,0.9991869112543381,0.6019417475728155
1,27,Corrosive,0.9613683688646505,0.842801807617818
1,27,Environmental Hazard,0.9436985622211205,0.40469700146781296
1,27,Explosive,0.999127416955875,0.08333333333333333
1,27,Flammable,0.973941497273178,0.625
1,27,Health Hazard,0.9558552305404066,0.5419753086419753
1,27,Irritant,0.7693802677243431,0.8418748215329807
1,27,Oxidizer,0.9985919682697075,0.2828282828282828
1,27,nan,0.8365691621219633,0.5039426954794438
2,27,Acute Toxic,0.9591266063779152,0.6012768427161926
2,27,Compressed Gas,0.9990480723465016,0.5
2,27,Corrosive,0.9613676027288592,0.8416002602049114
2,27,Environmental Hazard,0.9422497223544344,0.39610120282040645
2,27,Explosive,0.9991075678248453,0.08163265306122448
2,27,Flammable,0.9733063620498176,0.63264192139738
2,27,Health Hazard,0.9570442646358877,0.5620703598867772
2,27,Irritant,0.7667777248929082,0.8407798537774167
2,27,Oxidizer,0.9988894177375853,0.391304347826087
2,27,nan,0.8329366968110423,0.48939265365498846
3,27,Acute Toxic,0.9604751705537046,0.6085248477705755
3,27,Compressed Gas,0.9989290813898144,0.425531914893617
3,27,Corrosive,0.960197524988101,0.8397348878064361
3,27,Environmental Hazard,0.9448476915754402,0.3894621295279912
3,27,Explosive,0.9991670633031889,0.045454545454545456
3,27,Flammable,0.9737426622243376,0.6309921962095875
3,27,Health Hazard,0.9568657782008567,0.5445026178010471
3,27,Irritant,0.7683047755037283,0.8420298281433806
3,27,Oxidizer,0.9986712676503252,0.29473684210526313
3,27,nan,0.8358321434237664,0.4973891924711597
1,28,Acute Toxic,0.9579176995537928,0.5936422826503256
1,28,Compressed Gas,0.9991472483886961,0.5473684210526316
1,28,Corrosive,0.9602181457610313,0.8372281726712106
1,28,Environmental Hazard,0.9427863163113535,0.3968220781936023
1,28,Explosive,0.999127416955875,0.0
1,28,Flammable,0.9745562716906296,0.6417201898910919
1,28,Health Hazard,0.9561725334655429,0.5506303375355835
1,28,Irritant,0.7678929102627665,0.8415466262319939
1,28,Oxidizer,0.9986117997025286,0.3
1,28,nan,0.8387506197322756,0.502051564700839
2,28,Acute Toxic,0.9589084562906552,0.5992263056092844
2,28,Compressed Gas,0.9989687450420435,0.46938775510204084
2,28,Corrosive,0.9623988576868158,0.8460539136083144
2,28,Environmental Hazard,0.943717277486911,0.39333048311244123
2,28,Explosive,0.998988576868158,0.07272727272727272
2,28,Flammable,0.9733460257020466,0.6153405838580424
2,28,Health Hazard,0.9566674599397113,0.5495774067202639
2,28,Irritant,0.7690187212438522,0.8415869863852128
2,28,Oxidizer,0.9986910994764397,0.3125
2,28,nan,0.836684911946692,0.5095586921565124
3,28,Acute Toxic,0.9578375376804696,0.5858979353330737
3,28,Compressed Gas,0.9988497540853561,0.43137254901960786
3,28,Corrosive,0.9598603839441536,0.8389817024661893
3,28,Environmental Hazard,0.944946850706013,0.40633019674935844
3,28,Explosive,0.9993058860859908,0.14634146341463414
3,28,Flammable,0.9728105663969538,0.621584322384764
3,28,Health Hazard,0.9572227510709186,0.5531385954008701
3,28,Irritant,0.7672536887196573,0.8408936850953065
3,28,Oxidizer,0.9986514358242107,0.20930232558139536
3,28,nan,0.8328772013326987,0.4902921429867538
1,29,Acute Toxic,0.9593257312840853,0.608064207911332
1,29,Compressed Gas,0.999107585523054,0.5454545454545454
1,29,Corrosive,0.9606346058502727,0.8372283722837228
1,29,Environmental Hazard,0.9433019335647,0.38792549775208734
1,29,Explosive,0.9992464055528012,0.05
1,29,Flammable,0.973921665840357,0.629264166901607
1,29,Health Hazard,0.9556172533465543,0.5377942998760843
1,29,Irritant,0.7682102131879028,0.8414369437812025
1,29,Oxidizer,0.9986911254338126,0.2978723404255319
1,29,nan,0.8340109072880516,0.4956616052060738
2,29,Acute Toxic,0.9585713152467079,0.5988092951795659
2,29,Compressed Gas,0.9988497540853561,0.5084745762711864
2,29,Corrosive,0.9610899571632556,0.8439389118676424
2,29,Environmental Hazard,0.9444113914009202,0.4045039303165498
2,29,Explosive,0.9991075678248453,0.08163265306122448
2,29,Flammable,0.9721957797874028,0.6212857914640735
2,29,Health Hazard,0.9563303188957639,0.55800883179446
2,29,Irritant,0.7702284626368396,0.8432120818447548
2,29,Oxidizer,0.9985721085197525,0.3076923076923077
2,29,nan,0.8353363477709027,0.496574304250288
3,29,Acute Toxic,0.9586704743772807,0.5987678090103966
3,29,Compressed Gas,0.9992662224337617,0.5432098765432098
3,29,Corrosive,0.9609114707282247,0.8422063885997918
3,29,Environmental Hazard,0.9429438362684436,0.3832797427652733
3,29,Explosive,0.9990480723465016,0.07692307692307693
3,29,Flammable,0.9748929081389814,0.6349480968858131
3,29,Health Hazard,0.9576193875932096,0.5532092828768556
3,29,Irritant,0.7686419165476757,0.8414083741163676
3,29,Oxidizer,0.9988497540853561,0.3409090909090909
3,29,nan,0.8333333333333334,0.49688697318007663
1,30,Acute Toxic,0.9596232027764006,0.6093630084420568
1,30,Compressed Gas,0.9990282597917699,0.5663716814159292
1,30,Corrosive,0.9615666831928606,0.8428223844282239
1,30,Environmental Hazard,0.944174516608825,0.399658775858392
1,30,Explosive,0.9992067426871591,0.16666666666666666
1,30,Flammable,0.9737431829449678,0.6225769669327252
1,30,Health Hazard,0.9559940505701537,0.5425685425685426
1,30,Irritant,0.7669013386217154,0.84027721157766
1,30,Oxidizer,0.9986911254338126,0.3125
1,30,nan,0.8338522558254834,0.4992828113793928
2,30,Acute Toxic,0.9577383785498969,0.593398206449151
2,30,Compressed Gas,0.9990679041726163,0.5154639175257731
2,30,Corrosive,0.9610106298587974,0.842845723421263
2,30,Environmental Hazard,0.9432611454862764,0.38802139037433153
2,30,Explosive,0.9990084086942725,0.07407407407407407
2,30,Flammable,0.9741987942249722,0.6321741588917161
2,30,Health Hazard,0.9575202284626368,0.5617839607201309
2,30,Irritant,0.7686617483737903,0.841836942226079
2,30,Oxidizer,0.9984927812152943,0.3333333333333333
2,30,nan,0.8371212121212122,0.5028751286241753
3,30,Acute Toxic,0.9604355069014755,0.6079779917469051
3,30,Compressed Gas,0.9991075678248453,0.5054945054945055
3,30,Corrosive,0.960851975249881,0.8402395597280673
3,30,Environmental Hazard,0.94332064096462,0.3895771038017941
3,30,Explosive,0.9992265587815327,0.09302325581395349
3,30,Flammable,0.9725527526574647,0.6208219178082192
3,30,Health Hazard,0.9570244328097731,0.5506945884304375
3,30,Irritant,0.7696533396795177,0.8427834702689533
3,30,Oxidizer,0.9988894177375853,0.28205128205128205
3,30,nan,0.8360899571632556,0.49887831201115623
1,31,Acute Toxic,0.9585523054040654,0.602056359482102
1,31,Compressed Gas,0.999107585523054,0.6017699115044248
1,31,Corrosive,0.960892414476946,0.840890753590447
1,31,Environmental Hazard,0.9441150223103619,0.38444735692442117
1,31,Explosive,0.999127416955875,0.0
1,31,Flammable,0.9735845314823997,0.6264722378014582
1,31,Health Hazard,0.9567476450173525,0.5492870427774333
1,31,Irritant,0.7686266732771443,0.8418055348402056
1,31,Oxidizer,0.9987506197322756,0.3076923076923077
1,31,nan,0.834348041646009,0.4982881854766052
2,31,Acute Toxic,0.9590274472473426,0.5978980147917478
2,31,Compressed Gas,0.9991472314770744,0.5274725274725275
2,31,Corrosive,0.9612684435982866,0.8413871517907903
2,31,Environmental Hazard,0.9423290496588926,0.38101319710515114
2,31,Explosive,0.9992265587815327,0.09302325581395349
2,31,Flammable,0.974119466920514,0.6369958275382476
2,31,Health Hazard,0.955973346025702,0.5439605587510271
2,31,Irritant,0.7692567031572267,0.8425553796397787
2,31,Oxidizer,0.9986117721719816,0.2708333333333333
2,31,nan,0.836427098207203,0.5009680542110359
3,31,Acute Toxic,0.9599397112486118,0.6107899807321773
3,31,Compressed Gas,0.9990679041726163,0.4835164835164835
3,31,Corrosive,0.9607528161193083,0.8406730536993801
3,31,Environmental Hazard,0.9428248453117563,0.3997501561524047
3,31,Explosive,0.9990877359987308,0.11538461538461539
3,31,Flammable,0.9732072029192448,0.6237816764132553
3,31,Health Hazard,0.9570839282881167,0.5502909393183707
3,31,Irritant,0.7684832619387593,0.8413772487635197
3,31,Oxidizer,0.9986712676503252,0.30927835051546393
3,31,nan,0.8375575122957322,0.5010659682036913
1,32,Acute Toxic,0.9584134853743183,0.5974275292762526
1,32,Compressed Gas,0.9989092711948439,0.4954128440366973
1,32,Corrosive,0.9605354486861676,0.8381850707432102
1,32,Environmental Hazard,0.94135845314824,0.38021379165793334
1,32,Explosive,0.9991670798215171,0.125
1,32,Flammable,0.9750917203767973,0.6495535714285714
1,32,Health Hazard,0.9568468021814576,0.551525144270404
1,32,Irritant,0.7686266732771443,0.8417883731337211
1,32,Oxidizer,0.9984134853743183,0.1836734693877551
1,32,nan,0.8343282102131879,0.49613992762364295
2,32,Acute Toxic,0.9600983658575282,0.6088646967340591
2,32,Compressed Gas,0.9991868951293035,0.5684210526315789
2,32,Corrosive,0.9613874345549738,0.8440028843842641
2,32,Environmental Hazard,0.9442329049658893,0.39500860585197933
2,32,Explosive,0.9991472314770744,0.0
2,32,Flammable,0.974297953355545,0.6275862068965518
2,32,Health Hazard,0.9559931778518166,0.5429454170957776
2,32,Irritant,0.7683047755037283,0.8420853439303624
2,32,Oxidizer,0.9988695859114707,0.32941176470588235
2,32,nan,0.8353760114231319,0.4946734035429476
3,32,Acute Toxic,0.9585514834205934,0.6003824091778203
3,32,Compressed Gas,0.9991472314770744,0.5168539325842697
3,32,Corrosive,0.9607924797715374,0.8408084386826636
3,32,Environmental Hazard,0.9442130731397748,0.39648144175069727
3,32,Explosive,0.9990679041726163,0.14545454545454545
3,32,Flammable,0.9720569570046009,0.6182606339745327
3,32,Health Hazard,0.9560923369823894,0.5479787668436097
3,32,Irritant,0.7691377122005394,0.8416384388306194
3,32,Oxidizer,0.9987902586070125,0.35789473684210527
3,32,nan,0.8349992067269554,0.5009596928982726
1,33,Acute Toxic,0.959167079821517,0.6134785057255491
1,33,Compressed Gas,0.9991472483886961,0.5904761904761905
1,33,Corrosive,0.960892414476946,0.8398830789217279
1,33,Environmental Hazard,0.9435597421913733,0.39805414551607443
1,33,Explosive,0.999127416955875,0.12
1,33,Flammable,0.9729300941993059,0.6096654275092936
1,33,Health Hazard,0.9559147248388696,0.5404176142236924
1,33,Irritant,0.7673376301437779,0.8405111473626972
1,33,Oxidizer,0.9985721368368865,0.18181818181818182
1,33,nan,0.8333564700049578,0.49406948040219156
2,33,Acute Toxic,0.9598207202919244,0.6088803088803089
2,33,Compressed Gas,0.9988100904331271,0.3181818181818182
2,33,Corrosive,0.961645248294463,0.8445587526121202
2,33,Environmental Hazard,0.9433603046168492,0.37395879000438403
2,33,Explosive,0.9992860542598763,0.0
2,33,Flammable,0.9738814850071394,0.6287003101212292
2,33,Health Hazard,0.9572227510709186,0.5579012092641935
2,33,Irritant,0.7685824210693321,0.8421764475161286
2,33,Oxidizer,0.9987902586070125,0.3838383838383838
2,33,nan,0.837081548468983,0.4975842456118892
3,33,Acute Toxic,0.958174678724417,0.583941605839416
3,33,Compressed Gas,0.9991075678248453,0.5794392523364486
3,33,Corrosive,0.9609511343804538,0.840863169805221
3,33,Environmental Hazard,0.943717277486911,0.40328006728343146
3,33,Explosive,0.9990084086942725,0.07407407407407407
3,33,Flammable,0.9729493891797557,0.6229961304588171
3,33,Health Hazard,0.9559535141995875,0.5455289543687334
3,33,Irritant,0.7667777248929082,0.8400696295490399
3,33,Oxidizer,0.9986712676503252,0.33663366336633666
3,33,nan,0.833392828811677,0.500208221785948
1,34,Acute Toxic,0.9588894397620228,0.5912048905541314
1,34,Compressed Gas,0.9990282597917699,0.4235294117647059
1,34,Corrosive,0.9613882002974715,0.8442026086260702
1,34,Environmental Hazard,0.9417749132374814,0.385002094679514
1,34,Explosive,0.9992860684184433,0.1
1,34,Flammable,0.9741596430342092,0.6316087079445858
1,34,Health Hazard,0.9577392166584036,0.5516515884704397
1,34,Irritant,0.7707882994546356,0.8436460052487758
1,34,Oxidizer,0.9987506197322756,0.35051546391752575
1,34,nan,0.8375012394645514,0.5049540840985983
2,34,Acute Toxic,0.9592852609868316,0.606025714834005
2,34,Compressed Gas,0.9991075678248453,0.5263157894736842
2,34,Corrosive,0.9611097889893702,0.8428811793926768
2,34,Environmental Hazard,0.944946850706013,0.3988739714161975
2,34,Explosive,0.9991273996509599,0.08333333333333333
2,34,Flammable,0.9740401396160558,0.626746506986028
2,34,Health Hazard,0.9569252736792003,0.5476884631403582
2,34,Irritant,0.7681064572425829,0.8416419507306437
2,34,Oxidizer,0.9985919403458671,0.23655913978494625
2,34,nan,0.8347215611613518,0.4941119339565376
3,34,Acute Toxic,0.9582738378549897,0.6019674612183126
3,34,Compressed Gas,0.9988497540853561,0.5
3,34,Corrosive,0.960415675075361,0.8363397835355855
3,34,Environmental Hazard,0.9442130731397748,0.3951838314341002
3,34,Explosive,0.998988576868158,0.07272727272727272
3,34,Flammable,0.9730088846580993,0.624551724137931
3,34,Health Hazard,0.955755195938442,0.551016301066613
3,34,Irritant,0.766083610978899,0.8391890602205953
3,34,Oxidizer,0.998770426780898,0.3541666666666667
3,34,nan,0.8349000475963827,0.5036074175660367
1,35,Acute Toxic,0.9579573624194349,0.593558282208589
1,35,Compressed Gas,0.999008428358949,0.5689655172413793
1,35,Corrosive,0.9606742687159148,0.8435256056182435
1,35,Environmental Hazard,0.943282102131879,0.38362068965517243
1,35,Explosive,0.9991869112543381,0.046511627906976744
1,35,Flammable,0.9728904313336638,0.6259917920656635
1,35,Health Hazard,0.9563311849281111,0.5465403624382208
1,35,Irritant,0.7682498760535449,0.8417688953881983
1,35,Oxidizer,0.9984531482399603,0.2641509433962264
1,35,nan,0.8348834903321765,0.49101357134123974
2,35,Acute Toxic,0.9597413929874663,0.6007081038552321
2,35,Compressed Gas,0.9989290813898144,0.38636363636363635
2,35,Corrosive,0.9613874345549738,0.840762247485074
2,35,Environmental Hazard,0.9433999682690782,0.3917306052855925
2,35,Explosive,0.998988576868158,0.10526315789473684
2,35,Flammable,0.9738021577026813,0.6343758649321893
2,35,Health Hazard,0.9574210693320641,0.5516809354771351
2,35,Irritant,0.7694351895922577,0.8426154054419926
2,35,Oxidizer,0.9988100904331271,0.4
2,35,nan,0.835851975249881,0.5040445802624484
3,35,Acute Toxic,0.9593050928129462,0.6157303370786517
3,35,Compressed Gas,0.9991075678248453,0.4827586206896552
3,35,Corrosive,0.960415675075361,0.8380395975332684
3,35,Environmental Hazard,0.9431223227034745,0.3856041131105398
3,35,Explosive,0.999206726955418,0.047619047619047616
3,35,Flammable,0.9748730763128669,0.6345543697721373
3,35,Health Hazard,0.9561121688085039,0.5495623855078363
3,35,Irritant,0.7648937014120261,0.8391168048638159
3,35,Oxidizer,0.998770426780898,0.27906976744186046
3,35,nan,0.8341464382040298,0.49635651912074674
1,36,Acute Toxic,0.9587704511650966,0.5982608695652174
1,36,Compressed Gas,0.9990282597917699,0.4842105263157895
1,36,Corrosive,0.9609717402082301,0.8414437640992588
1,36,Environmental Hazard,0.9442538423401091,0.4
1,36,Explosive,0.999087754090233,0.0
1,36,Flammable,0.9735250371839366,0.626155138616634
1,36,Health Hazard,0.9563708477937531,0.5471387402223137
1,36,Irritant,0.7673177987109568,0.8409666969380701
1,36,Oxidizer,0.998988596926128,0.32
1,36,nan,0.8355379276152702,0.4994265708939458
2,36,Acute Toxic,0.9594637474218626,0.6058619359814886
2,36,Compressed Gas,0.9992265587815327,0.6060606060606061
2,36,Corrosive,0.9614469300333175,0.8442307692307692
2,36,Environmental Hazard,0.9450658416627004,0.3962510897994769
2,36,Explosive,0.9992860542598763,0.1
2,36,Flammable,0.9733063620498176,0.6240223463687151
2,36,Health Hazard,0.9568657782008567,0.541622760800843
2,36,Irritant,0.7681659527209266,0.8412029993479678
2,36,Oxidizer,0.9983142947802633,0.2857142857142857
2,36,nan,0.8349000475963827,0.4974950202209211
3,36,Acute Toxic,0.9575400602887514,0.5905526869382292
3,36,Compressed Gas,0.9990282405203871,0.5242718446601942
3,36,Corrosive,0.9605743296842774,0.8391845979614949
3,36,Environmental Hazard,0.9418332540060289,0.3883211678832117
3,36,Explosive,0.9989489132159289,0.07017543859649122
3,36,Flammable,0.9735443439631921,0.6252808988764045
3,36,Health Hazard,0.9549420910677455,0.5452361889511609
3,36,Irritant,0.768542757417103,0.8416654230711834
3,36,Oxidizer,0.9987505949547835,0.3076923076923077
3,36,nan,0.8349992067269554,0.49921752738654146
1,37,Acute Toxic,0.9591869112543381,0.5972602739726027
1,37,Compressed Gas,0.9990480912245909,0.4666666666666667
1,37,Corrosive,0.9620624690133862,0.844812200859901
1,37,Environmental Hazard,0.9433415964303421,0.39966379491489806
1,37,Explosive,0.9991670798215171,0.08695652173913043
1,37,Flammable,0.9737431829449678,0.6276715410573678
1,37,Health Hazard,0.9558948934060486,0.5490673154906731
1,37,Irritant,0.7659097669806644,0.8400281888653982
1,37,Oxidizer,0.9986712940009915,0.22988505747126436
1,37,nan,0.8335349529003471,0.4965815041381792
2,37,Acute Toxic,0.9603958432492464,0.60541394981229
2,37,Compressed Gas,0.9992265587815327,0.6060606060606061
2,37,Corrosive,0.9612684435982866,0.8440469536053661
2,37,Environmental Hazard,0.9454823100111058,0.3959569325422984
2,37,Explosive,0.9993058860859908,0.18604651162790697
2,37,Flammable,0.974297953355545,0.6363636363636364
2,37,Health Hazard,0.9565484689830239,0.5372756071805702
2,37,Irritant,0.7705259400285578,0.8432559840695737
2,37,Oxidizer,0.9987109313025544,0.3564356435643564
2,37,nan,0.8343645882912899,0.4983181162902451
3,37,Acute Toxic,0.958392828811677,0.6120562130177515
3,37,Compressed Gas,0.9989687450420435,0.5
3,37,Corrosive,0.96045533872759,0.8397363767882977
3,37,Environmental Hazard,0.9417539267015707,0.3846637335009428
3,37,Explosive,0.9989489132159289,0.0
3,37,Flammable,0.9735443439631921,0.6292384658143413
3,37,Health Hazard,0.9571434237664604,0.5610400162502539
3,37,Irritant,0.7682651118514993,0.8414109471912705
3,37,Oxidizer,0.9985919403458671,0.2828282828282828
3,37,nan,0.8377161669046486,0.5012494666910465
1,38,Acute Toxic,0.9598413485374319,0.613328241359557
1,38,Compressed Gas,0.9991670798215171,0.5434782608695652
1,38,Corrosive,0.9615666831928606,0.8427968851395198
1,38,Environmental Hazard,0.9437977193852256,0.3833768494342907
1,38,Explosive,0.9992464055528012,0.09523809523809523
1,38,Flammable,0.9738621715418939,0.6314317673378076
1,38,Health Hazard,0.9577193852255825,0.5565723793677204
1,38,Irritant,0.7658899355478433,0.8395950811875806
1,38,Oxidizer,0.9986117997025286,0.33962264150943394
1,38,nan,0.8337332672285572,0.49886431560071726
2,38,Acute Toxic,0.9587894653339679,0.598531684698609
2,38,Compressed Gas,0.999385213390449,0.651685393258427
2,38,Corrosive,0.9606139933365064,0.8410691421254801
2,38,Environmental Hazard,0.9433008091385054,0.39949590422180214
2,38,Explosive,0.9991075678248453,0.11764705882352941
2,38,Flammable,0.9726320799619229,0.6223316912972086
2,38,Health Hazard,0.9567269554180549,0.5586569579288025
2,38,Irritant,0.7689195621132794,0.8420239160497844
2,38,Oxidizer,0.998770426780898,0.29545454545454547
2,38,nan,0.8371212121212122,0.5035962526443034
3,38,Acute Toxic,0.9583333333333334,0.5941665056982809
3,38,Compressed Gas,0.9988695859114707,0.5043478260869565
3,38,Corrosive,0.9601578613358718,0.8371037055055542
3,38,Environmental Hazard,0.9436776138346818,0.39548744146445297
3,38,Explosive,0.9990480723465016,0.07692307692307693
3,38,Flammable,0.9733261938759321,0.6175717941427353
3,38,Health Hazard,0.955755195938442,0.5416067392644339
3,38,Irritant,0.7668768840234809,0.8404479131319986
3,38,Oxidizer,0.9985324448675233,0.1956521739130435
3,38,nan,0.834007615421228,0.4950530888030888
1,39,Acute Toxic,0.9589489340604859,0.5979020979020979
1,39,Compressed Gas,0.9989687654933069,0.5272727272727272
1,39,Corrosive,0.9605156172533466,0.8369769917301236
1,39,Environmental Hazard,0.9443728309370352,0.3971631205673759
1,39,Explosive,0.999107585523054,0.11764705882352941
1,39,Flammable,0.9744372830937035,0.6355668645744982
1,39,Health Hazard,0.9573624194348042,0.5535714285714286
1,39,Irritant,0.7685076846802181,0.8417585099028021
1,39,Oxidizer,0.9986712940009915,0.32323232323232326
1,39,nan,0.8330391670798215,0.4949307097006419
2,39,Acute Toxic,0.9588092971600825,0.6081871345029239
2,39,Compressed Gas,0.9989489132159289,0.43010752688172044
2,39,Corrosive,0.959186101856259,0.8363028953229399
2,39,Environmental Hazard,0.9434792955735364,0.3933588761174968
2,39,Explosive,0.9991868951293035,0.046511627906976744
2,39,Flammable,0.9732666983975885,0.6290588882773803
2,39,Health Hazard,0.9554973821989529,0.541853817884851
2,39,Irritant,0.7666785657623354,0.8405113397589709
2,39,Oxidizer,0.9986316039980961,0.2736842105263158
2,39,nan,0.8365659209900047,0.4984480555048384
3,39,Acute Toxic,0.959662065683008,0.604587869362364
3,39,Compressed Gas,0.999206726955418,0.5454545454545454
3,39,Corrosive,0.9613477709027447,0.842809904024518
3,39,Environmental Hazard,0.9436181183563382,0.3895211509555508
3,39,Explosive,0.9991472314770744,0.0851063829787234
3,39,Flammable,0.9740004759638268,0.6330814441645676
3,39,Health Hazard,0.9566674599397113,0.5458324672625234
3,39,Irritant,0.766519911153419,0.8401862435011607
3,39,Oxidizer,0.9987307631286689,0.30434782608695654
3,39,nan,0.8360899571632556,0.5016581248115767
1,40,Acute Toxic,0.9595240456122955,0.6165696036069885
1,40,Compressed Gas,0.9991472483886961,0.5742574257425742
1,40,Corrosive,0.9598611799702529,0.8371157250925478
1,40,Environmental Hazard,0.9432226078334159,0.3891615105611265
1,40,Explosive,0.9992265741199802,0.04878048780487805
1,40,Flammable,0.973921665840357,0.6149341142020498
1,40,Health Hazard,0.9560138820029748,0.5480847595762022
1,40,Irritant,0.7687853247397124,0.841922581519897
1,40,Oxidizer,0.9986316311353496,0.30303030303030304
1,40,nan,0.8354387704511651,0.49396267837541163
2,40,Acute Toxic,0.9594637474218626,0.6009371339320578
2,40,Compressed Gas,0.9989687450420435,0.49019607843137253
2,40,Corrosive,0.962874821513565,0.8499519076627124
2,40,Environmental Hazard,0.944728700618753,0.39161755075311067
2,40,Explosive,0.9991075678248453,0.08163265306122448
2,40,Flammable,0.9731477074409012,0.6324647122692725
2,40,Health Hazard,0.9581350150721879,0.5532275132275132
2,40,Irritant,0.7655283198476915,0.8395597834199563
2,40,Oxidizer,0.9986514358242107,0.24444444444444444
2,40,nan,0.8347612248135808,0.49813275508974825
3,40,Acute Toxic,0.9586308107250515,0.5938473520249221
3,40,Compressed Gas,0.9992463906076472,0.6274509803921569
3,40,Corrosive,0.9585713152467079,0.8305620893827561
3,40,Environmental Hazard,0.9428050134856417,0.3986655546288574
3,40,Explosive,0.9991273996509599,0.12
3,40,Flammable,0.9742582897033158,0.6351883080382237
3,40,Health Hazard,0.9558543550690147,0.5535499398315282
3,40,Irritant,0.7665000793273045,0.8400619430558575
3,40,Oxidizer,0.9987307631286689,0.3333333333333333
3,40,nan,0.8343645882912899,0.49885995439817593
1,41,Acute Toxic,0.9585721368368865,0.5969515724483889
1,41,Compressed Gas,0.999087754090233,0.5740740740740741
1,41,Corrosive,0.9609717402082301,0.8374896779521057
1,41,Environmental Hazard,0.9435597421913733,0.39652247667514845
1,41,Explosive,0.999008428358949,0.038461538461538464
1,41,Flammable,0.9733862171541894,0.6325301204819277
1,41,Health Hazard,0.9574020823004462,0.5554635761589404
1,41,Irritant,0.76932077342588,0.8424488690234322
1,41,Oxidizer,0.9986712940009915,0.27956989247311825
1,41,nan,0.837243430837878,0.503298432488047
2,41,Acute Toxic,0.9574409011581786,0.5876249039200615
2,41,Compressed Gas,0.9990679041726163,0.5688073394495413
2,41,Corrosive,0.9612684435982866,0.8419519300801165
2,41,Environmental Hazard,0.9439949230525146,0.38741865509761386
2,41,Explosive,0.9992860542598763,0.05263157894736842
2,41,Flammable,0.9753490401396161,0.6423021582733813
2,41,Health Hazard,0.9561716642868475,0.5529935275080906
2,41,Irritant,0.7703672854196414,0.8431688586095272
2,41,Oxidizer,0.9988100904331271,0.3181818181818182
2,41,nan,0.8365262573377756,0.5016022734143539
3,41,Acute Toxic,0.9609511343804538,0.6155047842218316
3,41,Compressed Gas,0.9992265587815327,0.5301204819277109
3,41,Corrosive,0.9613874345549738,0.8477597935726014
3,41,Environmental Hazard,0.9434396319213073,0.4025974025974026
3,41,Explosive,0.9991075678248453,0.0425531914893617
3,41,Flammable,0.9732270347453593,0.6235359732292247
3,41,Health Hazard,0.9565484689830239,0.5426841995408057
3,41,Irritant,0.7676701570680629,0.8411417723235474
3,41,Oxidizer,0.9985126130414088,0.27184466019417475
3,41,nan,0.8347810566396954,0.49438611397705895
1,42,Acute Toxic,0.9583936539414972,0.5957610789980732
1,42,Compressed Gas,0.999008428358949,0.5098039215686274
1,42,Corrosive,0.9607535944471988,0.8397960009714239
1,42,Environmental Hazard,0.944154685176004,0.3902122130792551
1,42,Explosive,0.9993653941497274,0.15789473684210525
1,42,Flammable,0.9737035200793257,0.6279461279461279
1,42,Health Hazard,0.957223599405057,0.5522109196595392
1,42,Irritant,0.7695984134853743,0.8423694779116466
1,42,Oxidizer,0.9988497768963808,0.43137254901960786
1,42,nan,0.8356767476450173,0.5073135925793792
2,42,Acute Toxic,0.9590671108995716,0.6050516647531573
2,42,Compressed Gas,0.9992860542598763,0.6727272727272727
2,42,Corrosive,0.960633825162621,0.8391018886277053
2,42,Environmental Hazard,0.94332064096462,0.40058724832214765
2,42,Explosive,0.9990282405203871,0.0392156862745098
2,42,Flammable,0.9744962716166905,0.6344513928368392
2,42,Health Hazard,0.9568657782008567,0.5490358697905867
2,42,Irritant,0.7709622402030779,0.8434522115136974
2,42,Oxidizer,0.9986117721719816,0.2708333333333333
2,42,nan,0.8379739806441378,0.5046082949308756
3,42,Acute Toxic,0.9586903062033952,0.5990375360923965
3,42,Compressed Gas,0.9991075678248453,0.4827586206896552
3,42,Corrosive,0.9605743296842774,0.8407561678949055
3,42,Environmental Hazard,0.9422100587022053,0.38210347752332485
3,42,Explosive,0.9990480723465016,0.1111111111111111
3,42,Flammable,0.9725924163096938,0.6221979223619464
3,42,Health Hazard,0.9553982230683802,0.5433502538071066
3,42,Irritant,0.7653894970648898,0.8396714823950343
3,42,Oxidizer,0.9986316039980961,0.20689655172413793
3,42,nan,0.833174678724417,0.4896250455041864
1,43,Acute Toxic,0.9597025285076847,0.6119174942704354
1,43,Compressed Gas,0.999067922657412,0.5252525252525253
1,43,Corrosive,0.960039662865642,0.8348225264365932
1,43,Environmental Hazard,0.9436390679226574,0.38881720430107525
1,43,Explosive,0.9990282597917699,0.07547169811320754
1,43,Flammable,0.9731482399603372,0.6207282913165266
1,43,Health Hazard,0.9558353991075855,0.5472657044114657
1,43,Irritant,0.7687654933068914,0.841743804120633
1,43,Oxidizer,0.9988497768963808,0.30952380952380953
1,43,nan,0.8358353991075855,0.49860690490611753
2,43,Acute Toxic,0.957996192289386,0.5915927497107597
2,43,Compressed Gas,0.9989092495636999,0.4954128440366973
2,43,Corrosive,0.9603165159447882,0.8421301775147929
2,43,Environmental Hazard,0.9436181183563382,0.40109542869180537
2,43,Explosive,0.9991472314770744,0.0851063829787234
2,43,Flammable,0.9723544343963192,0.6172432729269632
2,43,Health Hazard,0.957163255592575,0.5590036749693753
2,43,Irritant,0.7672933523718865,0.8404752841372559
2,43,Oxidizer,0.9987109313025544,0.4036697247706422
2,43,nan,0.836427098207203,0.5022329511164756
3,43,Acute Toxic,0.9599793749008408,0.6061670569867291
3,43,Compressed Gas,0.9990084086942725,0.40476190476190477
3,43,Corrosive,0.961466761859432,0.8420710395838413
3,43,Environmental Hazard,0.9433603046168492,0.39465875370919884
3,43,Explosive,0.9992463906076472,0.09523809523809523
3,43,Flammable,0.974694589877836,0.6264637002341921
3,43,Health Hazard,0.9571235919403459,0.5473199329983249
3,43,Irritant,0.7680469617642393,0.8418604651162791
3,43,Oxidizer,0.9985919403458671,0.297029702970297
3,43,nan,0.8333333333333334,0.4956793086893903
1,44,Acute Toxic,0.9598810114030739,0.6035665294924554
1,44,Compressed Gas,0.9989489340604859,0.3764705882352941
1,44,Corrosive,0.9613683688646505,0.8424203203365151
1,44,Environmental Hazard,0.9434804164600893,0.3804347826086957
1,44,Explosive,0.999087754090233,0.08
1,44,Flammable,0.97300941993059,0.6274295099917876
1,44,Health Hazard,0.9563113534952901,0.5550393859826298
1,44,Irritant,0.7667625185919683,0.8398883670274317
1,44,Oxidizer,0.9985919682697075,0.26804123711340205
1,44,nan,0.8367873078829945,0.5055275174236963
2,44,Acute Toxic,0.9595034110740916,0.610602593440122
2,44,Compressed Gas,0.9990679041726163,0.5523809523809524
2,44,Corrosive,0.9612882754244011,0.8420711974110032
2,44,Environmental Hazard,0.9437569411391401,0.40016920473773265
2,44,Explosive,0.9992662224337617,0.0975609756097561
2,44,Flammable,0.9741987942249722,0.6309219858156029
2,44,Health Hazard,0.9565088053307949,0.5384129656914334
2,44,Irritant,0.767967634459781,0.841763592101704
2,44,Oxidizer,0.9987902586070125,0.32967032967032966
2,44,nan,0.8341464382040298,0.4904648754036435
3,44,Acute Toxic,0.9574805648104078,0.5835275835275835
3,44,Compressed Gas,0.9990480723465016,0.5471698113207547
3,44,Corrosive,0.9608123115976519,0.8413106328300675
3,44,Environmental Hazard,0.9428050134856417,0.39437211255774884
3,44,Explosive,0.9991273996509599,0.08333333333333333
3,44,Flammable,0.974516103442805,0.6379261763877149
3,44,Health Hazard,0.9569252736792003,0.5549180327868852
3,44,Irritant,0.7686617483737903,0.8418498081590043
3,44,Oxidizer,0.9987109313025544,0.2857142857142857
3,44,nan,0.837081548468983,0.5043740573152338
1,45,Acute Toxic,0.959067922657412,0.6058059587471352
1,45,Compressed Gas,0.999107585523054,0.5161290322580645
1,45,Corrosive,0.9596430342092216,0.8371348539415766
1,45,Environmental Hazard,0.9440356965790778,0.3951993141877411
1,45,Explosive,0.9992265741199802,0.09302325581395349
1,45,Flammable,0.9742588001983143,0.6457423580786026
1,45,Health Hazard,0.957124442240952,0.5536746490503716
1,45,Irritant,0.7667228557263263,0.840594636347621
1,45,Oxidizer,0.9985126425384234,0.24242424242424243
1,45,nan,0.8330391670798215,0.49132982901335265
2,45,Acute Toxic,0.9589481199428843,0.5961763558330082
2,45,Compressed Gas,0.9989489132159289,0.5046728971962616
2,45,Corrosive,0.962478184991274,0.8479832878033103
2,45,Environmental Hazard,0.9433008091385054,0.4044990626952718
2,45,Explosive,0.9990282405203871,0.0392156862745098
2,45,Flammable,0.9734848484848485,0.6249649368863955
2,45,Health Hazard,0.9563303188957639,0.5520748576078113
2,45,Irritant,0.7667777248929082,0.8406504065040651
2,45,Oxidizer,0.9986316039980961,0.25806451612903225
2,45,nan,0.8337299698556243,0.48921652248080905
3,45,Acute Toxic,0.9589877835951134,0.6044376434583014
3,45,Compressed Gas,0.9989489132159289,0.4752475247524752
3,45,Corrosive,0.9610502935110264,0.8399869643148118
3,45,Environmental Hazard,0.9440345867047438,0.4003399915002125
3,45,Explosive,0.9991273996509599,0.043478260869565216
3,45,Flammable,0.9739806441377122,0.6232050545663412
3,45,Health Hazard,0.9578177058543551,0.5608094156514557
3,45,Irritant,0.7680072981120102,0.8412582098463877
3,45,Oxidizer,0.9986117721719816,0.16666666666666666
3,45,nan,0.8353958432492464,0.4997589199614272
1,46,Acute Toxic,0.9583341596430343,0.5930660468719736
1,46,Compressed Gas,0.9990480912245909,0.5102040816326531
1,46,Corrosive,0.9624590976698066,0.8484023384319692
1,46,Environmental Hazard,0.9449082796232028,0.39791937581274384
1,46,Explosive,0.9993257312840853,0.05555555555555555
1,46,Flammable,0.9746157659890927,0.632183908045977
1,46,Health Hazard,0.9576797223599405,0.5543024227234754
1,46,Irritant,0.7668815071888944,0.8409186255802309
1,46,Oxidizer,0.9987109568666336,0.3010752688172043
1,46,nan,0.835359444719881,0.49580954694522045
2,46,Acute Toxic,0.9587498016817388,0.597678916827853
2,46,Compressed Gas,0.9989092495636999,0.40860215053763443
2,46,Corrosive,0.9618435665556084,0.8451633671334299
2,46,Environmental Hazard,0.9442725686181184,0.40440864773208984
2,46,Explosive,0.9991075678248453,0.11764705882352941
2,46,Flammable,0.9724734253530065,0.6129392080312326
2,46,Health Hazard,0.9551999048072346,0.5347064881565396
2,46,Irritant,0.7676899888941774,0.8408942736064327
2,46,Oxidizer,0.9987109313025544,0.32989690721649484
2,46,nan,0.8358321434237664,0.5044894050041902
3,46,Acute Toxic,0.9596025702046644,0.6114819759679573
3,46,Compressed Gas,0.9991472314770744,0.5825242718446602
3,46,Corrosive,0.9601776931619863,0.8370658876987991
3,46,Environmental Hazard,0.9424480406155799,0.38905263157894737
3,46,Explosive,0.998988576868158,0.10526315789473684
3,46,Flammable,0.9734253530065048,0.629424778761062
3,46,Health Hazard,0.9558345232429002,0.5390188366797765
3,46,Irritant,0.7691773758527686,0.8420009502477431
3,46,Oxidizer,0.9986514358242107,0.34615384615384615
3,46,nan,0.8361891162938283,0.49884722727824293
1,47,Acute Toxic,0.9588497768963807,0.603629417382999
1,47,Compressed Gas,0.9990282597917699,0.449438202247191
1,47,Corrosive,0.9620228061477442,0.8467877430194416
1,47,Environmental Hazard,0.9436985622211205,0.3971119133574007
1,47,Explosive,0.999067922657412,0.11320754716981132
1,47,Flammable,0.9734655428854735,0.6289517470881864
1,47,Health Hazard,0.9565691621219633,0.5462080397845006
1,47,Irritant,0.76932077342588,0.8424958024156421
1,47,Oxidizer,0.9985523054040655,0.24742268041237114
1,47,nan,0.8356370847793753,0.49975857073877356
2,47,Acute Toxic,0.9597215611613518,0.6082931533269045
2,47,Compressed Gas,0.9991472314770744,0.5904761904761905
2,47,Corrosive,0.9619427256861812,0.8464185674269707
2,47,Environmental Hazard,0.9424083769633508,0.3904282115869018
2,47,Explosive,0.9992463906076472,0.09523809523809523
2,47,Flammable,0.9739608123115977,0.6387895460797799
2,47,Health Hazard,0.9565484689830239,0.5527658705858338
2,47,Irritant,0.7659646200222117,0.8396189233633683
2,47,Oxidizer,0.9989489132159289,0.3614457831325301
2,47,nan,0.8338886244645407,0.49838303988501614
3,47,Acute Toxic,0.959007615421228,0.6007340158392892
3,47,Compressed Gas,0.998988576868158,0.49504950495049505
3,47,Corrosive,0.9602966841186736,0.8365447419986937
3,47,Environmental Hazard,0.944946850706013,0.40531276778063413
3,47,Explosive,0.9991273996509599,0.08333333333333333
3,47,Flammable,0.973722830398223,0.6191434320206955
3,47,Health Hazard,0.9566872917658258,0.5495049504950495
3,47,Irritant,0.7678486435030938,0.8416995726726889
3,47,Oxidizer,0.9985126130414088,0.2857142857142857
3,47,nan,0.8365262573377756,0.4979596808575431
1,48,Acute Toxic,0.9594447198810114,0.6014422139933736
1,48,Compressed Gas,0.9991670798215171,0.6181818181818182
1,48,Corrosive,0.9616261774913237,0.8389244984600016
1,48,Environmental Hazard,0.9441150223103619,0.3852530541012216
1,48,Explosive,0.9989092711948439,0.03508771929824561
1,48,Flammable,0.9737431829449678,0.6266215454032713
1,48,Health Hazard,0.9573425880019831,0.5580439695911239
1,48,Irritant,0.765532969757065,0.8394595695566569
1,48,Oxidizer,0.9986911254338126,0.35294117647058826
1,48,nan,0.83262270699058,0.49339735894357745
2,48,Acute Toxic,0.9589084562906552,0.606831119544592
2,48,Compressed Gas,0.9988299222592416,0.40404040404040403
2,48,Corrosive,0.960851975249881,0.841902931283037
2,48,Environmental Hazard,0.943142154529589,0.3880469583778015
2,48,Explosive,0.9992860542598763,0.1
2,48,Flammable,0.9736038394415357,0.6289378310565933
2,48,Health Hazard,0.955973346025702,0.539227895392279
2,48,Irritant,0.7678486435030938,0.8417552112904534
2,48,Oxidizer,0.9987505949547835,0.29213483146067415
2,48,nan,0.8373393622084722,0.4963154016212233
3,48,Acute Toxic,0.9586704743772807,0.5969052224371373
3,48,Compressed Gas,0.9990679041726163,0.45977011494252873
3,48,Corrosive,0.9600785340314136,0.8406301955506295
3,48,Environmental Hazard,0.943142154529589,0.4005854066485469
3,48,Explosive,0.999206726955418,0.047619047619047616
3,48,Flammable,0.9740599714421704,0.6372712146422629
3,48,Health Hazard,0.9562509915913058,0.5477654776547766
3,48,Irritant,0.768364270982072,0.8414895638248785
3,48,Oxidizer,0.9987109313025544,0.3157894736842105
3,48,nan,0.83523718864033,0.5027531721331099
1,49,Acute Toxic,0.9598215171046108,0.6046057767369243
1,49,Compressed Gas,0.9990480912245909,0.45454545454545453
1,49,Corrosive,0.9621417947446703,0.8443792288253037
1,49,Environmental Hazard,0.9434010907288052,0.39814424293547024
1,49,Explosive,0.9993058998512643,0.05405405405405406
1,49,Flammable,0.9738026772434308,0.6256729951827713
1,49,Health Hazard,0.9570054536440258,0.5500207555002076
1,49,Irritant,0.7701140307387209,0.8429651304559863
1,49,Oxidizer,0.9987109568666336,0.3010752688172043
1,49,nan,0.8370054536440258,0.503773470989555
2,49,Acute Toxic,0.9583333333333334,0.5961945031712473
2,49,Compressed Gas,0.9991075678248453,0.5054945054945055
2,49,Corrosive,0.9609907980326828,0.8420460933108488
2,49,Environmental Hazard,0.9442725686181184,0.3975128644939966
2,49,Explosive,0.9989290813898144,0.06896551724137931
2,49,Flammable,0.9734451848326194,0.6342529363561868
2,49,Health Hazard,0.9570244328097731,0.5478823283955769
2,49,Irritant,0.7658456290655243,0.8395504640765352
2,49,Oxidizer,0.9985919403458671,0.3238095238095238
2,49,nan,0.8328573695065842,0.4929611358440621
3,49,Acute Toxic,0.9589282881167698,0.6043935052531041
3,49,Compressed Gas,0.9988894177375853,0.5
3,49,Corrosive,0.9613279390766302,0.8442492012779552
3,49,Environmental Hazard,0.9430628272251309,0.3879769771903645
3,49,Explosive,0.999206726955418,0.16666666666666666
3,49,Flammable,0.974297953355545,0.6345177664974619
3,49,Health Hazard,0.9558741868951293,0.5498685009103783
3,49,Irritant,0.7695343487228304,0.84219388655776
3,49,Oxidizer,0.9988100904331271,0.3877551020408163
3,49,nan,0.8366254164683484,0.5041531238714337
1,50,Acute Toxic,0.9595240456122955,0.5986234021632252
1,50,Compressed Gas,0.9990480912245909,0.45454545454545453
1,50,Corrosive,0.9616261774913237,0.843989357413529
1,50,Environmental Hazard,0.9421318790282598,0.38464782792070856
1,50,Explosive,0.9991670798215171,0.08695652173913043
1,50,Flammable,0.9740803173029251,0.640242224057253
1,50,Health Hazard,0.9564303420922161,0.5474768280123584
1,50,Irritant,0.7680118988596926,0.8415677989056829
1,50,Oxidizer,0.9987902825979177,0.35789473684210527
1,50,nan,0.8360535448686167,0.4969269153532526
2,50,Acute Toxic,0.9576193875932096,0.5864137797561447
2,50,Compressed Gas,0.9991670633031889,0.631578947368421
2,50,Corrosive,0.960415675075361,0.8409561752988047
2,50,Environmental Hazard,0.9435982865302237,0.38969957081545065
2,50,Explosive,0.9992860542598763,0.1
2,50,Flammable,0.9732666983975885,0.6221973094170403
2,50,Health Hazard,0.9565286371569094,0.5472945064023131
2,50,Irritant,0.7656473108043789,0.8400276164561589
2,50,Oxidizer,0.9986514358242107,0.24444444444444444
2,50,nan,0.8354355069014755,0.49599125364431484
3,50,Acute Toxic,0.958610978898937,0.6001149645525963
3,50,Compressed Gas,0.998988576868158,0.5233644859813084
3,50,Corrosive,0.9607329842931938,0.8382881411303496
3,50,Environmental Hazard,0.9448476915754402,0.4101802757158006
3,50,Explosive,0.9989489132159289,0.03636363636363636
3,50,Flammable,0.9734848484848485,0.6245436675091266
3,50,Health Hazard,0.9568459463747422,0.5579032913449817
3,50,Irritant,0.768760907504363,0.841670740318288
3,50,Oxidizer,0.9986316039980961,0.30303030303030304
3,50,nan,0.8365064255116611,0.5043290043290043
